{"rec_texts": ["-", "I", "-", "I", "I", "I", "I", "I", "SHAFE", "-", "I", "I", "-", "I", "that", "flx", "-", "Fourthe"], "rec_scores": [0.915502667427063, 0.559846818447113, 0.1716753989458084, 0.42110681533813477, 0.4340389668941498, 0.34251558780670166, 0.464661180973053, 0.10663732141256332, 0.7275175511837005, 0.933336079120636, 0.3635369539260864, 0.11357267946004868, 0.6008603572845459, 0.3064322769641876, 0.5977230444550514, 0.6375291148821512, 0.39051273465156555, 0.6457743431840625], "det_polygons": [[234.7216796875, 149.8388671875, 234.7216796875, 148.544921875, 236.533203125, 148.544921875, 236.533203125, 149.8388671875], [233.6865234375, 149.8388671875, 233.6865234375, 148.544921875, 235.2392578125, 148.544921875, 235.2392578125, 149.8388671875], [231.6162109375, 149.8388671875, 231.6162109375, 148.544921875, 233.1689453125, 148.544921875, 233.1689453125, 149.8388671875], [233.6865234375, 148.8037109375, 233.6865234375, 147.509765625, 235.2392578125, 147.509765625, 235.2392578125, 148.8037109375], [232.6513671875, 148.8037109375, 232.6513671875, 147.509765625, 234.2041015625, 147.509765625, 234.2041015625, 148.8037109375], [231.875, 148.8037109375, 231.875, 147.509765625, 233.1689453125, 147.509765625, 233.1689453125, 148.8037109375], [233.6865234375, 147.7685546875, 233.6865234375, 146.474609375, 235.2392578125, 146.474609375, 235.2392578125, 147.7685546875], [231.875, 147.7685546875, 231.875, 146.474609375, 233.1689453125, 146.474609375, 233.1689453125, 147.7685546875], [212.79142320156097, 156.60383820533752, 214.09288704395294, 138.8173657655716, 241.55422270298004, 140.82674026489258, 240.25275886058807, 158.6132127046585], [34.4189453125, 142.0751953125, 41.40625, 142.0751953125, 41.40625, 143.88671875, 34.4189453125, 143.88671875], [32.8662109375, 117.7490234375, 32.8662109375, 116.455078125, 34.4189453125, 116.455078125, 34.4189453125, 117.7490234375], [31.8310546875, 117.7490234375, 31.8310546875, 116.455078125, 33.3837890625, 116.455078125, 33.3837890625, 117.7490234375], [29.7607421875, 116.7138671875, 29.7607421875, 115.419921875, 31.3134765625, 115.419921875, 31.3134765625, 116.7138671875], [232.91015625, 115.6787109375, 232.91015625, 114.384765625, 234.2041015625, 114.384765625, 234.2041015625, 115.6787109375], [214.66829150915146, 128.6673267185688, 215.32170861959457, 109.71794620156288, 243.407082259655, 110.68641498684883, 242.75366514921188, 129.63579550385475], [23.778523579239845, 121.73882767558098, 24.582595601677895, 108.47168669104576, 49.72609169781208, 109.9955315887928, 48.92201967537403, 123.26267257332802], [177.529296875, 42.7001953125, 177.529296875, 41.1474609375, 180.3759765625, 41.1474609375, 180.3759765625, 42.7001953125], [161.07112437486649, 54.18865114450455, 172.15154200792313, 30.01322105526924, 191.91605120897293, 39.07195180654526, 180.8356335759163, 63.24738189578056]], "det_scores": [0.32462355494499207, 0.30154314637184143, 0.32409653067588806, 0.32063034176826477, 0.3252439498901367, 0.3423177897930145, 0.30757060647010803, 0.34283310174942017, 0.47320178151130676, 0.3594580590724945, 0.341746062040329, 0.3293134868144989, 0.3448732793331146, 0.3316023349761963, 0.6151849031448364, 0.4472786486148834, 0.31068840622901917, 0.6458593010902405]}