{"rec_texts": ["I", "10724500287", "I", "-", "a", "N.", "a", "-", "-", "-", "I", "will", ">", "is", "will", "I", "-", "-", "-", "a", "-", "Webber's", "in"], "rec_scores": [0.2894081771373749, 0.9255537336522882, 0.25196215510368347, 0.20061448216438293, 0.27916043996810913, 0.6138527542352676, 0.3129850924015045, 0.6188934445381165, 0.8025384545326233, 0.7225624322891235, 0.13723140954971313, 0.4613921754062176, 0.5783636569976807, 0.532453179359436, 0.4627724066376686, 0.19786924123764038, 0.3622983396053314, 0.3401791453361511, 0.22337931394577026, 0.1882939338684082, 0.8292678594589233, 0.8140946105122566, 0.6027449369430542], "det_polygons": [[75.88135593220339, 266.1416015625, 75.88135593220339, 262.693359375, 77.44915254237289, 262.693359375, 77.44915254237289, 266.1416015625], [61.17144969358282, 283.5156726837158, 67.06016036211435, 251.17171812057495, 223.28891560182734, 279.60058307647705, 217.4002049332958, 311.9445376396179], [77.76271186440678, 205.9541015625, 77.76271186440678, 204.38671875, 79.33050847457628, 204.38671875, 79.33050847457628, 205.9541015625], [77.76271186440678, 204.7001953125, 77.76271186440678, 203.1328125, 79.33050847457628, 203.1328125, 79.33050847457628, 204.7001953125], [72.61069048865367, 204.7773590683937, 79.22920071876655, 200.99635416269302, 83.68657930018539, 208.79469591379166, 77.06806428553695, 212.57570081949234], [279.41607252217955, 191.0140466094017, 280.0001686225503, 182.25472623109818, 293.7149058196504, 183.16879051923752, 293.1308097192797, 191.92811089754105], [98.45763668771518, 179.62208944559097, 99.86865363686772, 178.21144491434097, 101.1228909250033, 179.46535116434097, 99.71187397585076, 180.87599569559097], [95.94916211144398, 179.62208944559097, 97.36017906059654, 178.21144491434097, 98.61441634873212, 179.46535116434097, 97.20339939957958, 180.87599569559097], [97.51694915254237, 178.9951171875, 97.51694915254237, 177.427734375, 99.39830508474576, 177.427734375, 99.39830508474576, 178.9951171875], [96.26271186440678, 178.9951171875, 96.26271186440678, 177.427734375, 98.14406779661017, 177.427734375, 98.14406779661017, 178.9951171875], [164.3050847457627, 177.7412109375, 164.3050847457627, 176.173828125, 165.8728813559322, 176.173828125, 165.8728813559322, 177.7412109375], [165.24576271186442, 176.4873046875, 165.24576271186442, 174.919921875, 167.1271186440678, 174.919921875, 167.1271186440678, 176.4873046875], [146.4322033898305, 175.2333984375, 149.25423728813558, 175.2333984375, 149.25423728813558, 180.5625, 146.4322033898305, 180.5625], [94.76727656994835, 181.45469516515732, 96.10593220338983, 174.76316446065903, 105.99510787705243, 176.7404928803444, 104.65645224361096, 183.43202358484268], [161.48305084745763, 173.0390625, 161.48305084745763, 171.4716796875, 163.05084745762713, 171.4716796875, 163.05084745762713, 173.0390625], [160.81842144465043, 170.8854609131813, 169.13941774529926, 170.53884583711624, 169.5333955409163, 179.99204689264297, 161.21239924026747, 180.33866196870804], [149.25423728813558, 158.9326171875, 149.25423728813558, 157.365234375, 150.82203389830508, 157.365234375, 150.82203389830508, 158.9326171875], [142.98305084745763, 157.6787109375, 142.98305084745763, 156.111328125, 144.55084745762713, 156.111328125, 144.55084745762713, 157.6787109375], [141.72881355932202, 157.6787109375, 141.72881355932202, 156.111328125, 143.29661016949152, 156.111328125, 143.29661016949152, 157.6787109375], [138.59322033898306, 162.6943359375, 138.59322033898306, 149.841796875, 153.33050847457628, 149.841796875, 153.33050847457628, 162.6943359375], [130.1271186440678, 33.85546875, 130.1271186440678, 31.974609375, 132.0084745762712, 31.974609375, 132.0084745762712, 33.85546875], [141.72881355932202, 31.0341796875, 141.72881355932202, 29.466796875, 143.29661016949152, 29.466796875, 143.29661016949152, 31.0341796875], [125.42272406109309, 24.91054543107748, 150.7404958434024, 22.55602725595236, 153.21938285181076, 49.196993350982666, 127.90161106950146, 51.55151152610779]], "det_scores": [0.3345794677734375, 0.6808628439903259, 0.3291704058647156, 0.31079283356666565, 0.3537517488002777, 0.3670092821121216, 0.312841534614563, 0.31171220541000366, 0.30969661474227905, 0.322842001914978, 0.31801992654800415, 0.31353265047073364, 0.38752612471580505, 0.3309610188007355, 0.3113151788711548, 0.3659701645374298, 0.35109928250312805, 0.41565510630607605, 0.397664874792099, 0.44678789377212524, 0.32932379841804504, 0.33647915720939636, 0.49855077266693115]}