{"rec_texts": ["310726501869", "a", "-", "-", "-", "-", "-", "a", "I", "-", "-", "WHITE'S", "I", "-", "-", "-", "-", "that", "Jim", "the"], "rec_scores": [0.9799141983191172, 0.2545136511325836, 0.5712767839431763, 0.19998864829540253, 0.34835284948349, 0.24168676137924194, 0.44525840878486633, 0.17916029691696167, 0.17741388082504272, 0.29710784554481506, 0.3064357340335846, 0.7673474975994655, 0.5760385990142822, 0.18635639548301697, 0.277432918548584, 0.5279167890548706, 0.9373414516448975, 0.794435054063797, 0.6212285161018372, 0.657446359594663], "det_polygons": [[106.58180105686189, 449.1356201171875, 108.72577881813051, 395.2124348958333, 351.65149950981146, 404.8658040364583, 349.50752174854284, 458.7889892578125], [383.9461563825608, 198.5154541015625, 392.314367890358, 191.82275797526043, 398.371330857277, 199.39187825520833, 390.00311934947973, 206.0845743815104], [384.17382812500006, 190.4, 384.17382812500006, 188.06666666666666, 387.90820312500006, 188.06666666666666, 387.90820312500006, 190.4], [165.24609375000003, 190.4, 165.24609375000003, 183.86666666666667, 177.38281250000003, 183.86666666666667, 177.38281250000003, 190.4], [180.65039062500003, 184.8, 180.65039062500003, 182.0, 183.45117187500003, 182.0, 183.45117187500003, 184.8], [179.25000000000003, 184.33333333333334, 179.25000000000003, 182.0, 181.58398437500003, 182.0, 181.58398437500003, 184.33333333333334], [176.91601562500003, 180.6, 185.78515625000003, 180.6, 185.78515625000003, 185.26666666666668, 176.91601562500003, 185.26666666666668], [356.27846968173986, 182.6927510579427, 358.4552406072617, 174.4233174641927, 374.8838466405869, 178.74542439778645, 372.70707571506506, 187.01485799153647], [369.70312500000006, 165.66666666666666, 369.70312500000006, 163.33333333333334, 372.03710937500006, 163.33333333333334, 372.03710937500006, 165.66666666666666], [365.96875000000006, 165.66666666666666, 365.96875000000006, 163.33333333333334, 368.30273437500006, 163.33333333333334, 368.30273437500006, 165.66666666666666], [360.83404135704046, 164.73334757486978, 363.16802573204046, 162.40001424153647, 365.50201010704046, 164.73334757486978, 363.16802573204046, 167.06668090820312], [371.57031250000006, 163.8, 371.57031250000006, 161.46666666666667, 373.90429687500006, 161.46666666666667, 373.90429687500006, 163.8], [360.36718750000006, 163.8, 360.36718750000006, 161.46666666666667, 362.70117187500006, 161.46666666666667, 362.70117187500006, 163.8], [365.96875000000006, 160.06666666666666, 365.96875000000006, 157.73333333333335, 368.30273437500006, 157.73333333333335, 368.30273437500006, 160.06666666666666], [367.83593750000006, 158.2, 367.83593750000006, 155.86666666666667, 370.16992187500006, 155.86666666666667, 370.16992187500006, 158.2], [369.70312500000006, 156.33333333333334, 369.70312500000006, 154.0, 372.03710937500006, 154.0, 372.03710937500006, 156.33333333333334], [363.63476562500006, 154.93333333333334, 363.63476562500006, 152.13333333333333, 366.43554687500006, 152.13333333333333, 366.43554687500006, 154.93333333333334], [354.4905441999436, 150.45644938151042, 372.1444350481034, 146.44532063802083, 378.022930264473, 172.30359293619793, 360.3690394163132, 176.3147216796875], [298.75000000000006, 55.06666666666667, 298.75000000000006, 29.866666666666667, 332.35937500000006, 29.866666666666667, 332.35937500000006, 55.06666666666667], [306.21872150897985, 35.0, 306.21872150897985, 26.133333333333333, 329.55856525897985, 26.133333333333333, 329.55856525897985, 35.0]], "det_scores": [0.7402175068855286, 0.36267003417015076, 0.39986148476600647, 0.40004655718803406, 0.32777130603790283, 0.3372081518173218, 0.33592015504837036, 0.3975420892238617, 0.3354372978210449, 0.3766368329524994, 0.3155892789363861, 0.3043398857116699, 0.3599804639816284, 0.3571211099624634, 0.3615475296974182, 0.3206281363964081, 0.3051437437534332, 0.37416255474090576, 0.7755224704742432, 0.41584211587905884]}