{"rec_texts": ["350993"], "rec_scores": [0.7802143394947052], "det_polygons": [[31.165476637620195, 54.82670670747757, 84.23842397836539, 54.173658549785614, 84.3898662860577, 66.47533822059631, 31.316917067307696, 67.12839388847351]], "det_scores": [0.6907060742378235]}