{"rec_texts": ["'", "I", "ma75", "91640300m", "5MAXY48", "and", ",", "-", "FRE", "a"], "rec_scores": [0.1743764877319336, 0.3763714134693146, 0.9990873783826828, 0.9632447097036574, 0.8866323232650757, 0.48112007478872937, 0.15491533279418945, 0.7300824522972107, 0.7297059198220571, 0.24467220902442932], "det_polygons": [[117.03422053231938, 166.93359375, 117.03422053231938, 165.6689453125, 117.93726235741444, 165.6689453125, 117.93726235741444, 166.93359375], [117.03422053231938, 166.2109375, 117.03422053231938, 165.126953125, 117.93726235741444, 165.126953125, 117.93726235741444, 166.2109375], [134.40733644898853, 161.96511149406433, 163.01312638779555, 160.64444661140442, 163.47022517099126, 170.55152833461761, 134.86443523218423, 171.87219321727753], [73.60183309692846, 162.78562009334564, 75.74942353107177, 151.49755656719208, 136.07923152328897, 162.982559800148, 133.93164108914567, 174.27062332630157], [163.12767115835908, 160.22247076034546, 207.09205076268415, 150.1291674375534, 209.65412328451757, 161.29597961902618, 165.6897436801925, 171.38928294181824], [16.353881313773616, 65.66181540489197, 23.900007240672526, 48.88747036457062, 45.86588783409206, 58.77516686916351, 38.31976190719314, 75.54951190948486], [228.83079847908743, 43.9013671875, 228.83079847908743, 42.998046875, 229.9144486692015, 42.998046875, 229.9144486692015, 43.9013671875], [228.1083650190114, 43.1787109375, 228.1083650190114, 42.275390625, 229.19201520912546, 42.275390625, 229.19201520912546, 43.1787109375], [218.81717580352898, 42.203660905361176, 223.8145951535765, 31.89331591129303, 236.89573802875475, 38.23764696717262, 231.8983186787072, 48.54799196124077], [119.63082955364038, 25.138962119817734, 125.08609728214859, 24.642874747514725, 125.3081538559366, 27.086283415555954, 119.8528861274284, 27.582370787858963]], "det_scores": [0.33770838379859924, 0.3248462677001953, 0.8509288430213928, 0.7716874480247498, 0.8318117260932922, 0.7313865423202515, 0.36647531390190125, 0.34856101870536804, 0.4907650053501129, 0.36851245164871216]}