{"rec_texts": ["SAPAZS1200EG.MO.S.", "-", "-", "All", "I", "AZEN", "FIRIST", "MDA"], "rec_scores": [0.6814842687712775, 0.1895124912261963, 0.18039436638355255, 0.5319328457117081, 0.29265889525413513, 0.7134689539670944, 0.620852549870809, 0.37460889915625256], "det_polygons": [[36.05261445045471, 170.86552023887634, 183.205463886261, 169.8844826221466, 183.46612453460693, 208.98287177085876, 36.31327509880066, 209.9639093875885], [90.87890625, 168.22265625, 90.87890625, 167.1484375, 92.16796875, 167.1484375, 92.16796875, 168.22265625], [91.09375, 167.36328125, 91.09375, 166.2890625, 92.16796875, 166.2890625, 92.16796875, 167.36328125], [71.50436401367188, 157.8408932685852, 101.23104691505432, 154.4435453414917, 104.06816720962524, 179.26830530166626, 74.3414843082428, 182.66565322875977], [178.1817078590393, 121.51121377944946, 191.9764494895935, 121.00030422210693, 192.4040651321411, 132.54624128341675, 178.6093235015869, 133.05715084075928], [172.609224319458, 74.17451620101929, 203.53641748428345, 68.24327349662781, 206.9166135787964, 85.86851239204407, 175.98942041397095, 91.79975509643555], [13.766528964042664, 86.23497545719147, 17.20379948616028, 65.12029588222504, 47.93155014514923, 70.12249410152435, 44.494279623031616, 91.23717367649078], [147.0390808582306, 48.16797465085983, 158.2539141178131, 25.738288462162018, 170.11327862739563, 31.667977273464203, 158.8984453678131, 54.09766346216202]], "det_scores": [0.7165178060531616, 0.3291611969470978, 0.3488061726093292, 0.47778603434562683, 0.574201762676239, 0.7085145711898804, 0.7812620401382446, 0.4786204397678375]}